date,action,ticker,name,contraticker,contraname,note
2025-05-19,removed,DFS,DISCOVER FINANCIAL SERVICES,COIN,COINBASE GLOBAL INC,
2025-03-24,removed,TFX,TELEFLEX INC,TKO,TKO GROUP HOLDINGS INC,
2025-03-24,removed,FMC,FMC CORP,EXE,EXPAND ENERGY CORP,
2025-03-24,removed,CE,CELANESE CORP,WSM,WILLIAMS SONOMA INC,
2025-03-24,removed,BWA,BORGWARNER INC,DASH,DOORDASH INC,
2024-12-23,removed,QRVO,QORVO INC,APO,APOLLO GLOBAL MANAGEMENT INC,
2024-12-23,removed,AMTM,AMENTUM HOLDINGS INC,WDAY,WORKDAY INC,
2024-12-17,removed,CTLT,CATALENT INC,LII,LENNOX INTERNATIONAL INC,
2024-11-21,removed,MRO,MARATHON OIL CORP,TPL,TEXAS PACIFIC LAND CORP,
2024-09-30,removed,BBWI,BATH & BODY WORKS INC,AMTM,AMENTUM HOLDINGS INC,
2024-09-23,removed,ETSY,ETSY INC,DELL,DELL TECHNOLOGIES INC,
2024-09-23,removed,BIO,BIO-RAD LABORATORIES INC,ERIE,ERIE INDEMNITY CO,
2024-09-23,removed,AAL,AMERICAN AIRLINES GROUP INC,PLTR,PALANTIR TECHNOLOGIES INC,
2024-07-05,removed,WRK,WESTROCK CO,SW,SMURFIT WESTROCK PLC,
2024-06-24,removed,RHI,ROBERT HALF INC,KKR,KKR & CO INC,
2024-06-24,removed,ILMN,ILLUMINA INC,GDDY,GODADDY INC,
2024-06-24,removed,CMA,COMERICA INC,CRWD,CROWDSTRIKE HOLDINGS INC,
2024-05-02,removed,PXD,PIONEER NATURAL RESOURCES CO,VST,VISTRA CORP,
2024-04-02,removed,XRAY,DENTSPLY SIRONA INC,GEV,GE VERNOVA INC,
2024-04-01,removed,VFC,V F CORP,SOLV,SOLVENTUM CORP,
2024-03-18,removed,ZION,ZIONS BANCORPORATION NATIONAL ASSOCIATION,DECK,DECKERS OUTDOOR CORP,
2024-03-18,removed,WHR,WHIRLPOOL CORP,SMCI,SUPER MICRO COMPUTER INC,
2023-12-18,removed,SEE,SEALED AIR CORP,UBER,UBER TECHNOLOGIES INC,
2023-12-18,removed,SEDG,SOLAREDGE TECHNOLOGIES INC,BLDR,BUILDERS FIRSTSOURCE INC,
2023-12-18,removed,ALK,ALASKA AIR GROUP INC,JBL,JABIL INC,
2023-10-18,removed,OGN,ORGANON & CO,HUBB,HUBBELL INC,
2023-10-13,removed,ATVI,ACTIVISION BLIZZARD INC,LULU,LULULEMON ATHLETICA INC,
2023-10-02,removed,DXC,DXC TECHNOLOGY CO,VLTO,VERALTO CORP,
2023-09-18,removed,NWL,NEWELL BRANDS INC,ABNB,AIRBNB INC,
2023-09-18,removed,LNC,LINCOLN NATIONAL CORP,BX,BLACKSTONE INC,
2023-08-25,removed,AAP,ADVANCE AUTO PARTS INC,KVUE,KENVUE INC,
2023-06-20,removed,DISH,DISH NETWORK CORP,PANW,PALO ALTO NETWORKS INC,
2023-05-04,removed,FRCB,FIRST REPUBLIC BANK,AXON,AXON ENTERPRISE INC,
2023-03-20,removed,LUMN,LUMEN TECHNOLOGIES INC,FICO,FAIR ISAAC CORP,
2023-03-10,removed,SIVBQ,SVB FINANCIAL GROUP,PODD,INSULET CORP,
2023-03-10,removed,SBNY,SIGNATURE BANK CORP,BG,BUNGE GLOBAL SA,
2023-01-04,removed,VNO,VORNADO REALTY TRUST,GEHC,GE HEALTHCARE TECHNOLOGIES INC,
2022-12-22,removed,ABMD,ABIOMED INC,STLD,STEEL DYNAMICS INC,
2022-12-19,removed,FBIN,FORTUNE BRANDS INNOVATIONS INC,FSLR,FIRST SOLAR INC,
2022-10-27,removed,TWTR,TWITTER INC,ACGL,ARCH CAPITAL GROUP LTD,
2022-10-11,removed,NLSN,NIELSEN HOLDINGS PLC,TRGP,TARGA RESOURCES CORP,
2022-09-30,removed,DRE,DUKE REALTY CORP,EQT,EQT CORP,
2022-09-30,removed,CTXS,CITRIX SYSTEMS INC,PCG,PG&E CORP,
2022-09-22,removed,PVH,PVH CORP,CSGP,COSTAR GROUP INC,
2022-09-19,removed,PENN,PENN ENTERTAINMENT INC,INVH,INVITATION HOMES INC,
2022-06-21,removed,UAA,UNDER ARMOUR INC,KDP,KEURIG DR PEPPER INC,
2022-06-21,removed,UA,UNDER ARMOUR INC,N/A,N/A,alternative share class removed without replacement
2022-06-21,removed,IPGP,IPG PHOTONICS CORP,ON,ON SEMICONDUCTOR CORP,
2022-06-08,removed,CERN,CERNER CORP,VICI,VICI PROPERTIES INC,
2022-04-08,removed,DISCK,WARNER BROS DISCOVERY INC,N/A,N/A,alternative share class removed without replacement
2022-04-04,removed,PBCT,PEOPLE'S UNITED FINANCIAL INC,CPT,CAMDEN PROPERTY TRUST,
2022-02-25,removed,INFO1,IHS MARKIT LTD,MOH,MOLINA HEALTHCARE INC,
2022-02-11,removed,XLNX,XILINX INC,NDSN,NORDSON CORP,
2022-02-02,removed,GAP,GAP INC,CEG,CONSTELLATION ENERGY CORP,
2021-12-30,removed,WU,WESTERN UNION CO,FDS,FACTSET RESEARCH SYSTEMS INC,
2021-12-30,removed,LEG,LEGGETT & PLATT INC,SBNY,SIGNATURE BANK CORP,
2021-12-30,removed,HBI,HANESBRANDS INC,SEDG,SOLAREDGE TECHNOLOGIES INC,
2021-12-14,removed,KSU,KANSAS CITY SOUTHERN,EPAM,EPAM SYSTEMS INC,
2021-09-20,removed,UNM,UNUM GROUP,DAY,DAYFORCE INC,
2021-09-20,removed,PRGO,PERRIGO CO PLC,MTCH,MATCH GROUP INC,
2021-09-20,removed,NOV,NOV INC,BRO,BROWN & BROWN INC,
2021-08-30,removed,MXIM,MAXIM INTEGRATED PRODUCTS INC,TECH,BIO-TECHNE CORP,
2021-07-21,removed,ALXN,ALEXION PHARMACEUTICALS INC,MRNA,MODERNA INC,
2021-06-03,removed,DINO,HF SINCLAIR CORP,OGN,ORGANON & CO,
2021-05-14,removed,FLIR,FLIR SYSTEMS INC,CRL,CHARLES RIVER LABORATORIES INTERNATIONAL INC,
2021-04-20,removed,VAR,VARIAN MEDICAL SYSTEMS INC,PTC,PTC INC,
2021-03-22,removed,XRX,XEROX HOLDINGS CORP,GNRC,GENERAC HOLDINGS INC,
2021-03-22,removed,VNT,VONTIER CORP,CZR,CAESARS ENTERTAINMENT INC,
2021-03-22,removed,SLG,SL GREEN REALTY CORP,PENN,PENN ENTERTAINMENT INC,
2021-03-22,removed,FLS,FLOWSERVE CORP,NXPI,NXP SEMICONDUCTORS NV,
2021-02-12,removed,FTI,TECHNIPFMC PLC,MPWR,MONOLITHIC POWER SYSTEMS INC,
2021-01-21,removed,CXO,CONCHO RESOURCES INC,TRMB,TRIMBLE INC,
2021-01-07,removed,TIF,TIFFANY & CO,ENPH,ENPHASE ENERGY INC,
2020-12-21,removed,AIV,APARTMENT INVESTMENT & MANAGEMENT CO,TSLA,TESLA INC,
2020-10-12,removed,NBL,NOBLE ENERGY INC,VNT,VONTIER CORP,
2020-10-07,removed,ETFC,E TRADE FINANCIAL CORP,POOL,POOL CORP,
2020-09-21,removed,KSS,KOHLS CORP,CTLT,CATALENT INC,
2020-09-21,removed,HRB,H&R BLOCK INC,ETSY,ETSY INC,
2020-09-21,removed,COTY,COTY INC,TER,TERADYNE INC,
2020-06-22,removed,JWN,NORDSTROM INC,TYL,TYLER TECHNOLOGIES INC,
2020-06-22,removed,HOG,HARLEY-DAVIDSON INC,TDY,TELEDYNE TECHNOLOGIES INC,
2020-06-22,removed,BFH,BREAD FINANCIAL HOLDINGS INC,BIO,BIO-RAD LABORATORIES INC,
2020-05-22,removed,HP,HELMERICH & PAYNE INC,WST,WEST PHARMACEUTICAL SERVICES INC,
2020-05-12,removed,CPRI,CAPRI HOLDINGS LTD,DPZ,DOMINOS PIZZA INC,
2020-05-12,removed,AGN,ALLERGAN PLC,DXCM,DEXCOM INC,
2020-04-06,removed,RTN,RAYTHEON CO,OTIS,OTIS WORLDWIDE CORP,
2020-04-06,removed,M,MACY'S INC,CARR,CARRIER GLOBAL CORP,
2020-03-03,removed,XEC,CIMAREX ENERGY CO,IR,INGERSOLL RAND INC,
2020-01-23,removed,WCG,WELLCARE HEALTH PLANS INC,PAYC,PAYCOM SOFTWARE INC,
2019-12-23,removed,TRIP,TRIPADVISOR INC,ZBRA,ZEBRA TECHNOLOGIES CORP,
2019-12-23,removed,MAC,MACERICH CO,STE,STERIS PLC,
2019-12-23,removed,AMG,AFFILIATED MANAGERS GROUP INC,LYV,LIVE NATION ENTERTAINMENT INC,
2019-12-09,removed,STI1,SUNTRUST BANKS INC,ODFL,OLD DOMINION FREIGHT LINE INC,
2019-12-05,removed,VIAB,VIACOM INC,WRB,BERKLEY W R CORP,
2019-11-21,removed,CELG,CELGENE CORP,NOW,SERVICENOW INC,
2019-10-03,removed,NKTR,NEKTAR THERAPEUTICS,LVS,LAS VEGAS SANDS CORP,
2019-09-26,removed,JEF,JEFFERIES FINANCIAL GROUP INC,NVR,NVR INC,
2019-09-17,removed,TSS,TOTAL SYSTEM SERVICES INC,CDW,CDW CORP,
2019-08-08,removed,FL,FOOT LOCKER INC,IEX,IDEX CORP,
2019-08-08,removed,APC,ANADARKO PETROLEUM CORP,LDOS,LEIDOS HOLDINGS INC,
2019-07-08,removed,RHT,RED HAT INC,TMUS,T-MOBILE US INC,
2019-06-28,removed,LLL1,L3 TECHNOLOGIES INC,MKTX,MARKETAXESS HOLDINGS INC,
2019-06-11,removed,BMS,BEMIS CO INC,AMCR,AMCOR PLC,
2019-06-07,removed,MAT,MATTEL INC,BMS,BEMIS CO INC,
2019-06-03,removed,FLR,FLUOR CORP,CTVA,CORTEVA INC,
2019-04-02,removed,BHF,BRIGHTHOUSE FINANCIAL INC,DOW,DOW INC,
2019-03-20,removed,TFCFA,TWENTY-FIRST CENTURY FOX INC,FOXA,FOX CORP,
2019-03-20,removed,TFCF,TWENTY-FIRST CENTURY FOX INC,FOX,FOX CORP,
2019-02-27,removed,GT,GOODYEAR TIRE & RUBBER CO,WAB,WESTINGHOUSE AIR BRAKE TECHNOLOGIES CORP,
2019-02-15,removed,NFX,NEWFIELD EXPLORATION CO,ATO,ATMOS ENERGY CORP,
2019-01-18,removed,PCG,PG&E CORP,TFX,TELEFLEX INC,
2019-01-02,removed,SCG,SCANA CORP,FRCB,FIRST REPUBLIC BANK,
2018-12-24,removed,ESRX,EXPRESS SCRIPTS HOLDING CO,CE,CELANESE CORP,
2018-12-03,removed,SRCL,STERICYCLE INC,FANG,DIAMONDBACK ENERGY INC,
2018-12-03,removed,COL,ROCKWELL COLLINS INC,LW,LAMB WESTON HOLDINGS INC,
2018-12-03,removed,AET,AETNA INC,MXIM,MAXIM INTEGRATED PRODUCTS INC,
2018-11-13,removed,EQT,EQT CORP,JKHY,JACK HENRY & ASSOCIATES INC,
2018-11-06,removed,CA1,CA INC,KEYS,KEYSIGHT TECHNOLOGIES INC,
2018-10-31,removed,PX1,PRAXAIR INC,LIN,LINDE PLC,
2018-10-11,removed,EVHC,ENVISION HEALTHCARE CORP,FTNT,FORTINET INC,
2018-10-01,removed,ANDV,ANDEAVOR,ROL,ROLLINS INC,
2018-09-12,removed,XL1,XL GROUP LTD,WCG,WELLCARE HEALTH PLANS INC,
2018-08-28,removed,GGP,GGP INC,ANET,ARISTA NETWORKS INC,
2018-07-02,removed,KDP,KEURIG DR PEPPER INC,CPRT,COPART INC,
2018-06-20,removed,TWX,TIME WARNER INC,CPAY,CORPAY INC,
2018-06-18,removed,RRC,RANGE RESOURCES CORP,BR,BROADRIDGE FINANCIAL SOLUTIONS INC,
2018-06-18,removed,AYI,ACUITY BRANDS INC,DINO,HF SINCLAIR CORP,
2018-06-07,removed,MON2,MONSANTO CO,TWTR,TWITTER INC,
2018-06-05,removed,NAVI,NAVIENT CORP,EVRG,EVERGY INC,
2018-05-31,removed,TNL,TRAVEL & LEISURE CO,ABMD,ABIOMED INC,
2018-04-04,removed,CSRA,CSRA INC,MSCI,MSCI INC,
2018-03-19,removed,SIG,SIGNET JEWELERS LTD,TTWO,TAKE TWO INTERACTIVE SOFTWARE INC,
2018-03-19,removed,PDCO,PATTERSON COMPANIES INC,SIVBQ,SVB FINANCIAL GROUP,
2018-03-19,removed,CHKAQ,CHESAPEAKE ENERGY CORP,NKTR,NEKTAR THERAPEUTICS,
2018-03-07,removed,SNI,SCRIPPS NETWORKS INTERACTIVE INC,IPGP,IPG PHOTONICS CORP,
2017-12-29,removed,BCR,BARD C R INC,HII,HUNTINGTON INGALLS INDUSTRIES INC,
2017-10-13,removed,LVLT,LEVEL 3 COMMUNICATIONS INC,NCLH,NORWEGIAN CRUISE LINE HOLDINGS LTD,
2017-09-13,removed,SPLS,STAPLES INC,CDNS,CADENCE DESIGN SYSTEMS INC,
2017-09-01,removed,DD1,DUPONT E I DE NEMOURS & CO,SBAC,SBA COMMUNICATIONS CORP,
2017-08-29,removed,WFM,WHOLE FOODS MARKET INC,IQV,IQVIA HOLDINGS INC,
2017-08-07,removed,AN,AUTONATION INC,BHF,BRIGHTHOUSE FINANCIAL INC,
2017-07-26,removed,RIG,TRANSOCEAN LTD,DRE,DUKE REALTY CORP,
2017-07-26,removed,MUR,MURPHY OIL CORP,PKG,PACKAGING CORP OF AMERICA,
2017-07-26,removed,MNKKQ,MALLINCKRODT PLC,RMD,RESMED INC,
2017-07-26,removed,BBBYQ,BED BATH & BEYOND INC,AOS,SMITH A O CORP,
2017-07-25,removed,RAI,REYNOLDS AMERICAN INC,MGM,MGM RESORTS INTERNATIONAL,
2017-07-05,removed,BHI,BAKER HUGHES INC,BKR,BAKER HUGHES CO,
2017-06-19,removed,YHOO,YAHOO INC,HLT,HILTON WORLDWIDE HOLDINGS INC,
2017-06-19,removed,TDC,TERADATA CORP,ALGN,ALIGN TECHNOLOGY INC,
2017-06-19,removed,R,RYDER SYSTEM INC,ANSS,ANSYS INC,
2017-06-15,removed,MJN,MEAD JOHNSON NUTRITION CO,EG,EVEREST GROUP LTD,
2017-06-02,removed,TGNA,TEGNA INC,INFO1,IHS MARKIT LTD,
2017-04-05,removed,DNB3,DUN & BRADSTREET CORP,IT,GARTNER INC,
2017-04-04,removed,SWN,SOUTHWESTERN ENERGY CO,DXC,DXC TECHNOLOGY CO,
2017-03-20,removed,URBN,URBAN OUTFITTERS INC,AMD,ADVANCED MICRO DEVICES INC,
2017-03-20,removed,FTRCQ,FRONTIER COMMUNICATIONS CORP,RJF,RAYMOND JAMES FINANCIAL INC,
2017-03-20,removed,FSLR,FIRST SOLAR INC,ARE,ALEXANDRIA REAL ESTATE EQUITIES INC,
2017-03-10,removed,LLTC,LINEAR TECHNOLOGY CORP,DISH,DISH NETWORK CORP,
2017-03-10,removed,HAR,HARMAN INTERNATIONAL INDUSTRIES INC,SNPS,SYNOPSYS INC,
2017-03-02,removed,ENDPQ,ENDO INTERNATIONAL PLC,REG,REGENCY CENTERS CORP,
2017-03-01,removed,PBI,PITNEY BOWES INC,CBOE,CBOE GLOBAL MARKETS INC,
2017-02-24,removed,SE1,SPECTRA ENERGY CORP,INCY,INCYTE CORP,
2017-01-13,removed,FTI1,FMC TECHNOLOGIES INC,FTI,TECHNIPFMC PLC,
2017-01-05,removed,STJ,ST JUDE MEDICAL INC,IDXX,IDEXX LABORATORIES INC,
2016-12-02,removed,OI,O-I GLASS INC,MAA,MID AMERICA APARTMENT COMMUNITIES INC,
2016-12-02,removed,LM,LEGG MASON INC,EVHC,ENVISION HEALTHCARE CORP,
2016-09-30,removed,DOFSQ,DIAMOND OFFSHORE DRILLING INC,COTY,COTY INC,
2016-09-23,removed,HOT,STARWOOD HOTEL & RESORTS WORLDWIDE INC,COO,COOPER COMPANIES INC,
2016-09-08,removed,EMC1,EMC CORP,CHTR,CHARTER COMMUNICATIONS INC,
2016-09-02,removed,TYC,TYCO INTERNATIONAL PLC,MTD,METTLER TOLEDO INTERNATIONAL INC,
2016-06-30,removed,TE1,TECO ENERGY INC,ALB,ALBEMARLE CORP,
2016-06-30,removed,GAS,AGL RESOURCES INC,LNT,ALLIANT ENERGY CORP,
2016-06-30,removed,CPGX,COLUMBIA PIPELINE GROUP INC,FTV,FORTIVE CORP,
2016-06-21,removed,CVC,CABLEVISION SYSTEMS CORP,FBIN,FORTUNE BRANDS INNOVATIONS INC,
2016-06-03,removed,BXLT,BAXALTA INC,TDG,TRANSDIGM GROUP INC,
2016-05-27,removed,CCE1,COCA-COLA ENTERPRISES INC,AJG,ARTHUR J GALLAGHER & CO,
2016-05-20,removed,ARG,AIRGAS INC,LKQ,LKQ CORP,
2016-05-18,removed,TWC,TIME WARNER CABLE INC,DLR,DIGITAL REALTY TRUST INC,
2016-05-12,removed,SNDK1,SANDISK CORP,ALK,ALASKA AIR GROUP INC,
2016-04-29,removed,ADT1,ADT CORP,AYI,ACUITY BRANDS INC,
2016-04-25,removed,GME,GAMESTOP CORP,GPN,GLOBAL PAYMENTS INC,
2016-04-18,removed,THC,TENET HEALTHCARE CORP,ULTA,ULTA BEAUTY INC,
2016-04-01,removed,CAM,CAMERON INTERNATIONAL CORP,FL,FOOT LOCKER INC,
2016-03-30,removed,VALPQ,VALARIS PLC,CNC,CENTENE CORP,
2016-03-24,removed,POM,PEPCO HOLDINGS INC,HOLX,HOLOGIC INC,
2016-03-04,removed,CNX,CNX RESOURCES CORP,AWK,AMERICAN WATER WORKS COMPANY INC,
2016-03-03,removed,GMCR,KEURIG GREEN MOUNTAIN INC,UDR,UDR INC,
2016-02-19,removed,PCL,PLUM CREEK TIMBER CO INC,CXO,CONCHO RESOURCES INC,
2016-01-29,removed,PCP,PRECISION CASTPARTS CORP,CFG,CITIZENS FINANCIAL GROUP INC,
2016-01-29,removed,BRCM,BROADCOM CORP,FRT,FEDERAL REALTY INVESTMENT TRUST,
2016-01-15,removed,CB1,CHUBB CORP,EXR,EXTRA SPACE STORAGE INC,
2016-01-05,removed,FOSL,FOSSIL GROUP INC,WTW,WILLIS TOWERS WATSON PLC,
2015-12-25,removed,ALTR1,ALTERA CORP,CHD,CHURCH & DWIGHT CO INC,
2015-12-11,removed,CMCSK,COMCAST CORP,N/A,N/A,
2015-11-27,removed,CSC,COMPUTER SCIENCES CORP,CSRA,CSRA INC,
2015-11-18,removed,SIAL,SIGMA ALDRICH CORP,ILMN,ILLUMINA INC,
2015-11-18,removed,GNW,GENWORTH FINANCIAL INC,SYF,SYNCHRONY FINANCIAL,
2015-11-02,removed,HCBK,HUDSON CITY BANCORP INC,HPE,HEWLETT PACKARD ENTERPRISE CO,
2015-10-08,removed,JOY,JOY GLOBAL INC,VRSK,VERISK ANALYTICS INC,
2015-09-03,removed,HSP,HOSPIRA INC,UAL,UNITED AIRLINES HOLDINGS INC,
2015-08-28,removed,PLL1,PALL CORP,ATVI,ACTIVISION BLIZZARD INC,
2015-07-24,removed,DTV1,DIRECTV,SIG,SIGNET JEWELERS LTD,
2015-07-17,removed,NEBLQ,NOBLE CORP,PYPL,PAYPAL HOLDINGS INC,
2015-07-07,removed,FDO,FAMILY DOLLAR STORES INC,AAP,ADVANCE AUTO PARTS INC,
2015-07-06,removed,KRFT,KRAFT FOODS GROUP INC,KHC,KRAFT HEINZ CO,
2015-07-02,removed,MWV,MEADWESTVACO CORP,WRK,WESTROCK CO,
2015-07-02,removed,ATI,ATI INC,CPGX,COLUMBIA PIPELINE GROUP INC,
2015-06-30,removed,TEG,INTEGRYS HOLDING INC,JBHT,HUNT J B TRANSPORT SERVICES INC,
2015-06-30,removed,QEP,QEP RESOURCES INC,BXLT,BAXALTA INC,
2015-06-12,removed,LO,LORILLARD INC,QRVO,QORVO INC,
2015-04-07,removed,WINMQ,WINDSTREAM HOLDINGS INC,O,REALTY INCOME CORP,
2015-03-23,removed,NBR,NABORS INDUSTRIES LTD,SLG,SL GREEN REALTY CORP,
2015-03-20,removed,DNRCQ,DENBURY RESOURCES INC,EQIX,EQUINIX INC,
2015-03-20,removed,AVP,AVON PRODUCTS INC,HBI,HANESBRANDS INC,
2015-03-17,removed,CFN,CAREFUSION CORP,HSIC,HENRY SCHEIN INC,
2015-03-17,removed,AGN1,ALLERGAN INC,AAL,AMERICAN AIRLINES GROUP INC,
2015-03-12,removed,PETM,PETSMART INC,SWKS,SKYWORKS SOLUTIONS INC,
2015-01-27,removed,SWY,SAFEWAY INC,HCA,HCA HEALTHCARE INC,
2015-01-27,removed,COV,COVIDIEN PLC,ENDPQ,ENDO INTERNATIONAL PLC,
2014-12-05,removed,BMS,BEMIS CO INC,RCL,ROYAL CARIBBEAN CRUISES LTD,
2014-11-05,removed,JBL,JABIL INC,LVLT,LEVEL 3 COMMUNICATIONS INC,
2014-09-19,removed,GHC,GRAHAM HOLDINGS CO,UHS,UNIVERSAL HEALTH SERVICES INC,
2014-09-19,removed,BTUUQ,PEABODY ENERGY CORP,URI,UNITED RENTALS INC,
2014-08-19,removed,RDC,ROWAN COMPANIES PLC,MNKKQ,MALLINCKRODT PLC,
2014-07-02,removed,X,UNITED STATES STEEL CORP,MLM,MARTIN MARIETTA MATERIALS INC,
2014-06-30,removed,FRX1,FOREST LABORATORIES INC,AMG,AFFILIATED MANAGERS GROUP INC,
2014-06-20,removed,IGT1,INTERNATIONAL GAME TECHNOLOGY,XEC,CIMAREX ENERGY CO,
2014-05-07,removed,LSI1,LSI CORP,AVGO,BROADCOM INC,
2014-05-01,removed,SLM,SLM CORP,NAVI,NAVIENT CORP,
2014-05-01,removed,BEAM2,BEAM INC,UAA,UNDER ARMOUR INC,
2014-04-02,removed,CLF,CLEVELAND-CLIFFS INC,ESS,ESSEX PROPERTY TRUST INC,
2014-03-21,removed,WPX,WPX ENERGY INC,GMCR,KEURIG GREEN MOUNTAIN INC,
2014-01-24,removed,LIFE2,LIFE TECHNOLOGIES CORP,TSCO,TRACTOR SUPPLY CO,
2013-12-20,removed,VIAV,VIAVI SOLUTIONS INC,MHK,MOHAWK INDUSTRIES INC,
2013-12-20,removed,TER,TERADYNE INC,META,META PLATFORMS INC,
2013-12-20,removed,ANF,ABERCROMBIE & FITCH CO,BFH,BREAD FINANCIAL HOLDINGS INC,
2013-12-06,removed,MOLX,MOLEX INC,GGP,GGP INC,
2013-12-02,removed,CPPRQ,OLD COPPER COMPANY INC,ALLE,ALLEGION PLC,
2013-11-13,removed,NYX1,NYSE EURONEXT,CPRI,CAPRI HOLDINGS LTD,
2013-10-30,removed,DELL1,DELL INC,RIG,TRANSOCEAN LTD,
2013-09-23,removed,LDOS,LEIDOS HOLDINGS INC,AME,AMETEK INC,
2013-09-23,removed,AMD,ADVANCED MICRO DEVICES INC,VRTX,VERTEX PHARMACEUTICALS INC,
2013-09-11,removed,BMC,BMC SOFTWARE INC,DAL,DELTA AIR LINES INC,
2013-07-09,removed,S2,SPRINT CORP,NLSN,NIELSEN HOLDINGS PLC,
2013-06-30,removed,APOL,APOLLO EDUCATION GROUP INC,NWSA,NEWS CORP,
2013-06-14,removed,FHN,FIRST HORIZON CORP,ZTS,ZOETIS INC,
2013-06-07,removed,HNZ,HEINZ H J CO,GM,GENERAL MOTORS CO,
2013-05-24,removed,DFODQ,DEAN FOODS CO,KSU,KANSAS CITY SOUTHERN,
2013-05-07,removed,CVH,COVENTRY HEALTH CARE INC,MAC,MACERICH CO,
2013-05-01,removed,TMUS,T-MOBILE US INC,REGN,REGENERON PHARMACEUTICALS INC,
2013-02-14,removed,BIGGQ,BIG LOTS INC,PVH,PVH CORP,
2013-01-02,removed,FHI,FEDERATED HERMES INC,ABBV,ABBVIE INC,
2012-12-24,removed,TIE,TITANIUM METALS CORP,APTV,APTIV PLC,
2012-12-12,removed,RRD,RR DONNELLEY & SONS CO,GRMN,GARMIN LTD,
2012-11-30,removed,CBE,COOPER INDUSTRIES PLC,DG,DOLLAR GENERAL CORP,
2012-10-05,removed,SUN1,SUNOCO INC,PETM,PETSMART INC,
2012-10-01,removed,ANRZQ,ALPHA NATURAL RESOURCES INC,KRFT,KRAFT FOODS GROUP INC,
2012-09-30,removed,LXK,LEXMARK INTERNATIONAL INC,ADT1,ADT CORP,
2012-09-30,removed,ATGE,ADTALEM GLOBAL EDUCATION INC,PNR,PENTAIR PLC,
2012-09-05,removed,SHLDQ,SEARS HOLDINGS CORP,LYB,LYONDELLBASELL INDUSTRIES NV,
2012-07-27,removed,GR,GOODRICH CORP,VALPQ,VALARIS PLC,
2012-07-03,removed,PGN1,PROGRESS ENERGY INC,STX,SEAGATE TECHNOLOGY HOLDINGS PLC,
2012-06-29,removed,HSH,HILLSHIRE BRANDS CO,MNST,MONSTER BEVERAGE CORP,
2012-06-05,removed,NVLS1,NOVELLUS SYSTEMS INC,LRCX,LAM RESEARCH CORP,
2012-05-25,removed,EP1,EL PASO CORP,KMI,KINDER MORGAN INC,
2012-05-22,removed,MMI1,MOTOROLA MOBILITY HOLDINGS INC,ALXN,ALEXION PHARMACEUTICALS INC,
2012-05-01,removed,SVU,SUPERVALU INC,PSX,PHILLIPS 66,
2012-03-30,removed,MHS,MEDCO HEALTH SOLUTIONS INC,FOSL,FOSSIL GROUP INC,
2012-03-13,removed,CEG1,CONSTELLATION ENERGY GROUP INC,CCI,CROWN CASTLE INC,
2012-01-02,removed,CPWR,COMPUWARE CORP,WPX,WPX ENERGY INC,
2011-12-21,removed,TLAB,TELLABS INC,TRIP,TRIPADVISOR INC,
2011-12-19,removed,SUNEQ,SUNEDISON INC,DLTR,DOLLAR TREE INC,
2011-12-19,removed,MWW,MONSTER WORLDWIDE INC,PRGO,PERRIGO CO PLC,
2011-12-19,removed,AKS,AK STEEL HOLDING CORP,BWA,BORGWARNER INC,
2011-12-09,removed,GAS1,NICOR INC,GAS,AGL RESOURCES INC,
2011-11-23,removed,JNS,JANUS CAPITAL GROUP INC,CBE,COOPER INDUSTRIES PLC,
2011-11-01,removed,ITT,ITT INC,XYL,XYLEM INC,
2011-10-14,removed,CEPH,CEPHALON INC,TEL,TE CONNECTIVITY PLC,
2011-09-23,removed,NSM1,NATIONAL SEMICONDUCTOR CORP,MOS,MOSAIC CO,
2011-07-06,removed,MI2,MARSHALL & ILSLEY CORP,ACN,ACCENTURE PLC,
2011-06-30,removed,RSHCQ,RADIOSHACK CORP,MPC,MARATHON PETROLEUM CORP,
2011-06-02,removed,MEE,MASSEY ENERGY CO,ANRZQ,ALPHA NATURAL RESOURCES INC,
2011-04-28,removed,NOVL,NOVELL INC,CMG,CHIPOTLE MEXICAN GRILL INC,
2011-04-01,removed,GENZ,GENZYME CORP,BLK,BLACKROCK INC,
2011-03-31,removed,Q1,QWEST COMMUNICATIONS INTERNATIONAL INC,EW,EDWARDS LIFESCIENCES CORP,
2011-03-01,removed,MFE,MCAFEE INC,COV,COVIDIEN PLC,
2011-02-25,removed,AYE,ALLEGHENY ENERGY INC,JOY,JOY GLOBAL INC,
2011-01-18,removed,QLGC,QLOGIC CORP,NEBLQ,NOBLE CORP,
2011-01-04,removed,MDP,MEREDITH CORP,MMI1,MOTOROLA MOBILITY HOLDINGS INC,
2010-12-20,removed,KG1,KING PHARMACEUTICALS INC,CVC,CABLEVISION SYSTEMS CORP,
2010-12-17,removed,ODP,ODP CORP,NFLX,NETFLIX INC,
2010-12-17,removed,NYT,NEW YORK TIMES CO,NFX,NEWFIELD EXPLORATION CO,
2010-12-17,removed,EKDKQ,EASTMAN KODAK CO,FFIV,F5 INC,
2010-11-17,removed,PTV,PACTIV CORP,TT,TRANE TECHNOLOGIES PLC,
2010-08-27,removed,SII1,SMITH INTERNATIONAL INC,TYC,TYCO INTERNATIONAL PLC,
2010-07-15,removed,MIL1,MILLIPORE CORP,CB,CHUBB LTD,
2010-06-30,removed,STR1,QUESTAR CORP,QEP,QEP RESOURCES INC,
2010-06-25,removed,XTO,XTO ENERGY INC,KMX,CARMAX INC,
2010-04-29,removed,BJS,BJ SERVICES CO,CERN,CERNER CORP,
2010-03-15,removed,BDK,BLACK & DECKER CORP,OKE,ONEOK INC,
2010-03-01,removed,PBG,PEPSI BOTTLING GROUP INC,WBD,WARNER BROS DISCOVERY INC,
2010-02-26,removed,RX,IMS HEALTH INC,HP,HELMERICH & PAYNE INC,
2010-02-12,removed,BNI,BURLINGTON NORTHERN SANTA FE CORP,BRK.B,BERKSHIRE HATHAWAY INC,
2010-02-05,removed,ACS,AFFILIATED COMPUTER SERVICES INC,URBN,URBAN OUTFITTERS INC,
2010-01-29,removed,JAVA1,SUN MICROSYSTEMS INC,NRG,NRG ENERGY INC,
2009-12-23,removed,VALPQ,VALARIS PLC,ROP,ROPER TECHNOLOGIES INC,
2009-12-21,removed,MBI,MBIA INC,MJN,MEAD JOHNSON NUTRITION CO,
2009-12-21,removed,KBH,KB HOME,CLF,CLEVELAND-CLIFFS INC,
2009-12-21,removed,DYNIQ,DYNEGY INC,ROST,ROSS STORES INC,
2009-12-21,removed,CVG,CONVERGYS CORP,LDOS,LEIDOS HOLDINGS INC,
2009-12-18,removed,CIEN,CIENA CORP,V,VISA INC,
2009-11-04,removed,SGP,SCHERING PLOUGH CORP,BKNG,BOOKING HOLDINGS INC,
2009-10-16,removed,WYE,WYETH,FSLR,FIRST SOLAR INC,
2009-09-09,removed,CBE,COOPER INDUSTRIES PLC,ARG,AIRGAS INC,
2009-09-01,removed,MTW,MANITOWOC CO INC,CFN,CAREFUSION CORP,
2009-08-19,removed,CTX1,CENTEX CORP,FMC,FMC CORP,
2009-07-27,removed,CITGQ,CIT GROUP INC,RHT,RED HAT INC,
2009-06-30,removed,TT,TRANE TECHNOLOGIES PLC,PWR,QUANTA SERVICES INC,
2009-06-30,removed,EQ1,EMBARQ CORP,WDC,WESTERN DIGITAL CORP,
2009-06-25,removed,TEL,TE CONNECTIVITY PLC,TMUS,T-MOBILE US INC,
2009-06-05,removed,COV,COVIDIEN PLC,FTI1,FMC TECHNOLOGIES INC,
2009-06-02,removed,MTLQQ,GENERAL MOTORS CORP,ATGE,ADTALEM GLOBAL EDUCATION INC,
2009-04-02,removed,ROH,ROHM & HAAS CO,DNRCQ,DENBURY RESOURCES INC,
2009-03-27,removed,SITC,SITE CENTERS CORP,TWC,TIME WARNER CABLE INC,
2009-03-27,removed,NEBLQ,NOBLE CORP,ORLY,O REILLY AUTOMOTIVE INC,
2009-03-17,removed,TYC,TYCO INTERNATIONAL PLC,ES,EVERSOURCE ENERGY,
2009-03-04,removed,JNY,JONES GROUP INC,VTR,VENTAS INC,
2009-03-04,removed,ACAS,AMERICAN CAPITAL LTD,HRL,HORMEL FOODS CORP,
2009-02-26,removed,WFTIQ,WEATHERFORD INTERNATIONAL PLC,DOFSQ,DIAMOND OFFSHORE DRILLING INC,
2009-01-30,removed,SOV,SOVEREIGN BANCORP INC,WELL,WELLTOWER INC,
2009-01-06,removed,UST1,UST INC,IRM,IRON MOUNTAIN INC,
2009-01-02,removed,NCC,NATIONAL CITY CORP,FLIR,FLIR SYSTEMS INC,
2008-12-31,removed,WB1,WACHOVIA CORP NEW,OI,O-I GLASS INC,
2008-12-31,removed,MER,MERRILL LYNCH & CO INC,SCG,SCANA CORP,
2008-12-23,removed,BRL,BARR PHARMACEUTICALS INC,MFE,MCAFEE INC,
2008-12-19,removed,RIG,TRANSOCEAN LTD,EQT,EQT CORP,
2008-12-05,removed,AW,ALLIED WASTE INDUSTRIES INC,RSG,REPUBLIC SERVICES INC,
2008-12-01,removed,KATE,KATE SPADE & CO,DNB3,DUN & BRADSTREET CORP,
2008-11-24,removed,ABI1,APPLIED BIOSYSTEMS INC,LIFE2,LIFE TECHNOLOGIES CORP,
2008-11-19,removed,BUD1,ANHEUSER-BUSCH COMPANIES INC,SRCL,STERICYCLE INC,
2008-11-17,removed,GGP,GGP INC,CEPH,CEPHALON INC,
2008-11-14,removed,HPC,HERCULES INC,XRAY,DENTSPLY SIRONA INC,
2008-11-14,removed,ASH,ASHLAND INC,WYNN,WYNN RESORTS LTD,
2008-11-13,removed,UIS,UNISYS CORP,PBCT,PEOPLE'S UNITED FINANCIAL INC,
2008-11-06,removed,TEX,TEREX CORP,SJM,J M SMUCKER CO,
2008-10-31,removed,MTG,MGIC INVESTMENT CORP,WEC,WEC ENERGY GROUP INC,
2008-10-22,removed,DDS,DILLARD'S INC,NDAQ,NASDAQ INC,
2008-10-07,removed,WWY,WRIGLEY WM JR CO,KDP,KEURIG DR PEPPER INC,
2008-10-02,removed,WAMUQ,WASHINGTON MUTUAL INC,FLS,FLOWSERVE CORP,
2008-09-30,removed,WEN,WENDY'S CO,APH,AMPHENOL CORP,
2008-09-24,removed,SAF2,SAFECO CORP,PXD,PIONEER NATURAL RESOURCES CO,
2008-09-22,removed,LEHMQ,LEHMAN BROTHERS HOLDINGS INC,LHX,L3HARRIS TECHNOLOGIES INC,
2008-09-15,removed,FMCC,FEDERAL HOME LOAN MORTGAGE CORP,CRM,SALESFORCE INC,
2008-09-12,removed,FNMA,FEDERAL NATIONAL MORTGAGE ASSOCIATION FANNIE MAE,FAST,FASTENAL CO,
2008-08-27,removed,EDS,ELECTRONIC DATA SYSTEMS CORP,CF,CF INDUSTRIES HOLDINGS INC,
2008-08-21,removed,MTCH,MATCH GROUP INC,IVZ,INVESCO LTD,
2008-07-31,removed,CCU1,CLEAR CHANNEL COMMUNICATIONS INC,DVA,DAVITA INC,
2008-07-18,removed,CB,CHUBB LTD,MA,MASTERCARD INC,
2008-06-30,removed,SSP,EW SCRIPPS CO,SNI,SCRIPPS NETWORKS INTERACTIVE INC,
2008-06-30,removed,CFC,COUNTRYWIDE FINANCIAL CORP,AKS,AK STEEL HOLDING CORP,
2008-06-23,removed,OMX,OFFICEMAX INC,MEE,MASSEY ENERGY CO,
2008-06-23,removed,BC,BRUNSWICK CORP,CTRA,COTERRA ENERGY INC,
2008-06-10,removed,ABKFQ,AMBAC FINANCIAL GROUP INC,LO,LORILLARD INC,
2008-06-05,removed,TT2,TRANE INC,SWN,SOUTHWESTERN ENERGY CO,
2008-06-02,removed,BSC1,BEAR STEARNS COMPANIES INC,ISRG,INTUITIVE SURGICAL INC,
2008-03-31,removed,CCTYQ,CIRCUIT CITY STORES INC,PM,PHILIP MORRIS INTERNATIONAL INC,
2008-03-31,removed,CBH1,COMMERCE BANCORP INC,DOC,HEALTHPEAK PROPERTIES INC,
2008-01-21,removed,HET,HARRAHS ENTERTAINMENT INC,CAM,CAMERON INTERNATIONAL CORP,
2007-12-31,removed,TIN,TEMPLE INLAND INC,GHC,GRAHAM HOLDINGS CO,
2007-12-31,removed,SNV,SYNOVUS FINANCIAL CORP,TSS,TOTAL SYSTEM SERVICES INC,
2007-12-21,removed,TRB,TRIBUNE CO,RRC,RANGE RESOURCES CORP,
2007-12-13,removed,DJ,DOW JONES & CO INC,GME,GAMESTOP CORP,
2007-11-19,removed,AT1,ALLTEL CORP,AMT,AMERICAN TOWER CORP,
2007-11-16,removed,TEK1,TEKTRONIX INC,MTW,MANITOWOC CO INC,
2007-11-09,removed,HCR1,MANOR CARE INC,POM,PEPCO HOLDINGS INC,
2007-10-29,removed,BOL,BAUSCH & LOMB INC,TIE,TITANIUM METALS CORP,
2007-10-26,removed,AV1,AVAYA INC,J,JACOBS SOLUTIONS INC,
2007-10-25,removed,HLT1,HILTON HOTELS CORP,NYX1,NYSE EURONEXT,
2007-10-10,removed,TXU,TXU CORP,EXPD,EXPEDITORS INTERNATIONAL OF WASHINGTON INC,
2007-10-05,removed,ASN,ARCHSTONE SMITH TRUST,NBL,NOBLE ENERGY INC,
2007-10-02,removed,SLR,SOLECTRON CORP,EXPE,EXPEDIA GROUP INC,
2007-09-30,removed,VYX,NCR VOYIX CORP,TDC,TERADATA CORP,
2007-09-27,removed,MXIM,MAXIM INTEGRATED PRODUCTS INC,ANDV,ANDEAVOR,
2007-09-26,removed,FDC1,FIRST DATA CORP,ICE,INTERCONTINENTAL EXCHANGE INC,
2007-09-07,removed,CBSS,COMPASS BANCSHARES INC,MCHP,MICROCHIP TECHNOLOGY INC,
2007-08-27,removed,KSE,KEYSPAN CORP,JEF,JEFFERIES FINANCIAL GROUP INC,
2007-07-12,removed,BMET,BIOMET INC,AKAM,AKAMAI TECHNOLOGIES INC,
2007-07-06,removed,DG1,DOLLAR GENERAL CORP,ACAS,AMERICAN CAPITAL LTD,
2007-07-02,removed,ADCT1,ADC TELECOMMUNICATIONS INC,DFS,DISCOVER FINANCIAL SERVICES,
2007-06-29,removed,SANM,SANMINA CORP,COV,COVIDIEN PLC,
2007-06-29,removed,PMCS,PMC SIERRA INC,TEL,TE CONNECTIVITY PLC,
2007-06-29,removed,MEL,MELLON FINANCIAL CORP,GGP,GGP INC,
2007-06-01,removed,MEDI1,MEDIMMUNE INC,PCP,PRECISION CASTPARTS CORP,
2007-05-31,removed,KMI1,KINDER MORGAN INC,SUNEQ,SUNEDISON INC,
2007-04-10,removed,H1,REALOGY CORP,AIZ,ASSURANT INC,
2007-03-30,removed,TSG1,SABRE HOLDINGS CORP,MDLZ,MONDELEZ INTERNATIONAL INC,
2007-03-28,removed,UVN,UNIVISION COMMUNICATIONS INC,ANF,ABERCROMBIE & FITCH CO,
2007-03-22,removed,CMX,CAREMARK RX INC,SITC,SITE CENTERS CORP,
2007-03-20,removed,PD1,PHELPS DODGE CORP,HST,HOST HOTELS & RESORTS INC,
2007-03-02,removed,HMA1,HEALTH MANAGEMENT ASSOCIATES INC,CHRW,C H ROBINSON WORLDWIDE INC,
2007-02-22,removed,PGL,PEOPLES ENERGY CORP,TEG,INTEGRYS HOLDING INC,
2007-02-15,removed,APCC,AMERICAN POWER CONVERSION CORP,HCBK,HUDSON CITY BANCORP INC,
2007-02-09,removed,EOP,EQUITY OFFICE PROPERTIES TRUST,VAR,VARIAN MEDICAL SYSTEMS INC,
2007-02-02,removed,CMVT,COMVERSE TECHNOLOGY INC,RL,RALPH LAUREN CORP,
2007-01-10,removed,SBL,SYMBOL TECHNOLOGIES INC,AVB,AVALONBAY COMMUNITIES INC,
2007-01-04,removed,BLS,BELLSOUTH CORP,VALPQ,VALARIS PLC,
2006-12-29,removed,PTC,PTC INC,SE1,SPECTRA ENERGY CORP,
2006-12-19,removed,NAV,NAVISTAR INTERNATIONAL CORP,TEX,TEREX CORP,
2006-12-01,removed,NFB,NORTH FORK BANCORPORATION INC,STR1,QUESTAR CORP,
2006-11-30,removed,LU1,LUCENT TECHNOLOGIES INC,MTCH,MATCH GROUP INC,
2006-11-30,removed,FSL.B,FREESCALE SEMICONDUCTOR INC,DTV1,DIRECTV,
2006-11-20,removed,HCA1,HCA HEALTHCARE INC,BTUUQ,PEABODY ENERGY CORP,
2006-11-17,removed,ACV1,ALBERTO-CULVER CO,CTSH,COGNIZANT TECHNOLOGY SOLUTIONS CORP,
2006-11-10,removed,LPX,LOUISIANA-PACIFIC CORP,FIS,FIDELITY NATIONAL INFORMATION SERVICES INC,
2006-11-10,removed,FSH,FISHER SCIENTIFIC INTERNATIONAL INC,CBRE,CBRE GROUP INC,
2006-11-06,removed,ASO1,AMSOUTH BANCORPORATION,CELG,CELGENE CORP,
2006-10-02,removed,GDW,GOLDEN WEST FINANCIAL CORP,SII1,SMITH INTERNATIONAL INC,
2006-10-02,removed,ANDW,ANDREW CORP,WU,WESTERN UNION CO,
2006-08-11,removed,KMG1,KERR MCGEE CORP,CME,CME GROUP INC,
2006-08-01,removed,CAR,AVIS BUDGET GROUP INC,TNL,TRAVEL & LEISURE CO,
2006-07-19,removed,GTW,GATEWAY INC,H1,REALOGY CORP,
2006-07-18,removed,CTB,COOPER TIRE & RUBBER CO,WINMQ,WINDSTREAM HOLDINGS INC,
2006-06-28,removed,KRI,KNIGHT RIDDER INC,CNX,CNX RESOURCES CORP,
2006-06-05,removed,EC1,ENGELHARD CORP,CBH1,COMMERCE BANCORP INC,
2006-06-02,removed,ABS,ALBERTSONS INC,JNPR,JUNIPER NETWORKS INC,
2006-05-17,removed,AMCC,APPLIED MICRO CIRCUITS CORP,EQ1,EMBARQ CORP,
2006-04-21,removed,GDT,GUIDANT CORP,LM,LEGG MASON INC,
2006-04-13,removed,CHIR1,CHIRON CORP,SNDK1,SANDISK CORP,
2006-04-03,removed,BR1,BURLINGTON RESOURCES INC,GOOGL,ALPHABET INC,
2006-03-31,removed,MYG1,MAYTAG CORP,DFODQ,DEAN FOODS CO,
2006-03-31,removed,JP1,JEFFERSON PILOT CORP,KIM,KIMCO REALTY CORP,
2006-03-31,removed,CIN,CINERGY CORP,BXP,BXP INC,
2006-03-03,removed,DCNAQ,DANA CORP,CHKAQ,CHESAPEAKE ENERGY CORP,
2006-02-24,removed,SFA,SCIENTIFIC ATLANTA INC,BRL,BARR PHARMACEUTICALS INC,
2006-02-01,removed,RBK,REEBOK INTERNATIONAL LTD,VRSN,VERISIGN INC,
2006-01-31,removed,SEBL,SIEBEL SYSTEMS INC,HAR,HARMAN INTERNATIONAL INDUSTRIES INC,
2006-01-05,removed,MERQ,MERCURY INTERACTIVE CORP,EL,ESTEE LAUDER COMPANIES INC,
2005-12-30,removed,VSTNQ,VISTEON CORP,VIAB,VIACOM INC,
2005-12-30,removed,KRB,MBNA CORP,WFM,WHOLE FOODS MARKET INC,
2005-12-20,removed,GP1,GEORGIA PACIFIC CORP,SSP,EW SCRIPPS CO,
2005-12-02,removed,CPNLQ,CALPINE CORP,GNW,GENWORTH FINANCIAL INC,
2005-11-18,removed,T1,AT&T CORP,AMZN,AMAZON COM INC,
2005-10-10,removed,DPHIQ,DELPHI CORP,PDCO,PATTERSON COMPANIES INC,
2005-10-04,removed,G1,GILLETTE CO,LEN,LENNAR CORP,
2005-10-03,removed,PVN,PROVIDIAN FINANCIAL CORP,AMP,AMERIPRISE FINANCIAL INC,
2005-08-30,removed,MAY1,MAY DEPARTMENT STORES CO,CVH,COVENTRY HEALTH CARE INC,
2005-08-19,removed,DALRQ,DELTA AIR LINES INC,PSA,PUBLIC STORAGE,
2005-08-12,removed,NXTL,NEXTEL COMMUNICATIONS INC,MUR,MURPHY OIL CORP,
2005-08-11,removed,UCL1,UNOCAL CORP,TSN,TYSON FOODS INC,
2005-08-11,removed,SDS1,SUNGARD DATA SYSTEMS INC,VNO,VORNADO REALTY TRUST,
2005-07-21,removed,TOY,TOYS R US INC,WFTIQ,WEATHERFORD INTERNATIONAL PLC,
2005-07-05,removed,VRTS1,VERITAS SOFTWARE CORP,DHI,HORTON D R INC,
2005-07-05,removed,GLK1,GREAT LAKES CHEMICAL CORP,STZ,CONSTELLATION BRANDS INC,
2005-03-28,removed,S1,SEARS ROEBUCK & CO,SHLDQ,SEARS HOLDINGS CORP,
2005-03-14,removed,PWER1,POWER ONE INC,NOV,NOV INC,
2004-12-28,removed,PSFT,PEOPLESOFT INC,XTO,XTO ENERGY INC,
2004-12-20,removed,DLX,DELUXE CORP,TFCF,TWENTY-FIRST CENTURY FOX INC,
2004-12-20,removed,CXT,CRANE NXT CO,ASN,ARCHSTONE SMITH TRUST,
2004-12-17,removed,WOR,WORTHINGTON ENTERPRISES INC,CBSS,COMPASS BANCSHARES INC,
2004-12-03,removed,WNDXQ,WINN DIXIE STORES INC,FSL.B,FREESCALE SEMICONDUCTOR INC,
2004-12-01,removed,WLP1,WELLPOINT HEALTH NETWORKS INC,LLL1,L3 TECHNOLOGIES INC,
2004-11-01,removed,SOTR,SOUTHTRUST CORP,LH,LABCORP HOLDINGS INC,
2004-10-26,removed,AWE,ATT WIRELESS SERVICES INC,CITGQ,CIT GROUP INC,
2004-09-01,removed,CF1,CHARTER ONE FINANCIAL INC,TPR,TAPESTRY INC,
2004-08-02,removed,TNB,THOMAS & BETTS CORP,FSH,FISHER SCIENTIFIC INTERNATIONAL INC,
2004-07-01,removed,ONE1,BANK ONE CORP,GILD,GILEAD SCIENCES INC,
2004-06-30,removed,UPC1,UNION PLANTERS CORP,SOV,SOVEREIGN BANCORP INC,
2004-05-03,removed,AM1,AMERICAN GREETINGS CORP,HSP,HOSPIRA INC,
2004-04-29,removed,JHF,HANCOCK JOHN FINANCIAL SERVICES INC,VLO,VALERO ENERGY CORP,
2004-04-23,removed,PCS1,SPRINT CORP,VTRS,VIATRIS INC,
2004-04-02,removed,TAP.B,TRAVELERS PROPERTY CASUALTY CORP,ACS,AFFILIATED COMPUTER SERVICES INC,
2004-03-31,removed,FBF,FLEETBOSTON FINANCIAL CORP,ETFC,E TRADE FINANCIAL CORP,
2004-03-24,removed,TUPBQ,TUPPERWARE BRANDS CORP,CMX,CAREMARK RX INC,
2004-02-27,removed,CE1,CONCORD EFS INC,MTB,M&T BANK CORP,
2003-11-13,removed,BGEN,BIOGEN INC,BIIB,BIOGEN INC,
2003-09-25,removed,QTRN,QUINTILES TRANSNATIONAL CORP,ESRX,EXPRESS SCRIPTS HOLDING CO,
2003-08-20,removed,MDRIQ,MCDERMOTT INTERNATIONAL INC,MHS,MEDCO HEALTH SOLUTIONS INC,
2003-07-17,removed,GEN1,GENON ENERGY INC,PLD,PROLOGIS INC,
2003-04-15,removed,PHA,PHARMACIA CORP,FHI,FEDERATED HERMES INC,
2003-03-25,removed,HI1,HOUSEHOLD INTERNATIONAL INC,GEN,GEN DIGITAL INC,
2003-03-21,removed,EHC,ENCOMPASS HEALTH CORP,MKC,MCCORMICK & CO INC,
2003-03-14,removed,AAMRQ,AMR CORP,AIV,APARTMENT INVESTMENT & MANAGEMENT CO,
2003-02-21,removed,RATL,RATIONAL SOFTWARE CORP,AN,AUTONATION INC,
2002-12-12,removed,TRW1,TRW INC,DGX,QUEST DIAGNOSTICS INC,
2002-09-04,removed,COC,CONOCOPHILLIPS HOLDING CO,RAI,REYNOLDS AMERICAN INC,
2002-08-21,removed,VTSS,VITESSE SEMICONDUCTOR CORP,TAP.B,TRAVELERS PROPERTY CASUALTY CORP,
2002-08-14,removed,PALM,PALM INC,MON2,MONSANTO CO,
2002-07-25,removed,CNCEQ,CONSECO INC,ELV,ELEVANCE HEALTH INC,
2002-07-22,removed,UL,UNILEVER PLC,GS,GOLDMAN SACHS GROUP INC,
2002-07-22,removed,SHEL,SHELL PLC,UPS,UNITED PARCEL SERVICE INC,
2002-07-22,removed,PDG,PLACER DOME INC,EA,ELECTRONIC ARTS INC,
2002-07-22,removed,NRTLQ,NORTEL NETWORKS CORP,PRU,PRUDENTIAL FINANCIAL INC,
2002-07-22,removed,INCLF,INCO LTD,SDS1,SUNGARD DATA SYSTEMS INC,
2002-07-22,removed,B,BARRICK MINING CORP,PFG,PRINCIPAL FINANCIAL GROUP INC,
2002-07-22,removed,AL1,ALCAN INC,EBAY,EBAY INC,
2002-07-16,removed,IMNX,IMMUNEX CORP,NFB,NORTH FORK BANCORPORATION INC,
2002-06-26,removed,CNXT1,CONEXANT SYSTEMS INC,SPG,SIMON PROPERTY GROUP INC,
2002-05-15,removed,WCOEQ,WORLDCOM INC,APOL,APOLLO EDUCATION GROUP INC,
2002-05-15,removed,UAWGQ,US AIRWAYS GROUP INC,BJS,BJ SERVICES CO,
2002-05-13,removed,SAPE,SAPIENT CORP,TT2,TRANE INC,
2002-05-06,removed,CPQ,COMPAQ COMPUTER CORP,FHN,FIRST HORIZON CORP,
2002-02-08,removed,WLL1,WILLAMETTE INDUSTRIES INC,MI2,MARSHALL & ILSLEY CORP,
2002-01-31,removed,NMK1,NIAGARA MOHAWK HOLDINGS INC,RATL,RATIONAL SOFTWARE CORP,
2002-01-29,removed,MEA1,MEAD CORP,CB,CHUBB LTD,
2002-01-17,removed,KM,KMART CORP,PCL,PLUM CREEK TIMBER CO INC,
2002-01-02,removed,FMC,FMC CORP,WAT,WATERS CORP,
2001-12-14,removed,RAL,RALSTON PURINA CO,GENZ,GENZYME CORP,
2001-12-14,removed,HM,HOMESTAKE MINING CO,JNY,JONES GROUP INC,
2001-12-03,removed,NSI1,NATIONAL SERVICE INDUSTRIES INC,EQR,EQUITY RESIDENTIAL,
2001-11-30,removed,ENRNQ,ENRON CORP,NVDA,NVIDIA CORP,
2001-11-06,removed,GPU,GPU INC,HMA1,HEALTH MANAGEMENT ASSOCIATES INC,
2001-10-10,removed,TX1,TEXACO INC,EOP,EQUITY OFFICE PROPERTIES TRUST,
2001-10-10,removed,GX,GLOBAL CROSSING CAYMAN LTD,TE1,TECO ENERGY INC,
2001-09-20,removed,TOS,TOSCO CORP,IMNX,IMMUNEX CORP,
2001-09-04,removed,WB2,WACHOVIA CORP,XL1,XL GROUP LTD,
2001-09-04,removed,BVSN,BROADVISION INC,IGT1,INTERNATIONAL GAME TECHNOLOGY,
2001-08-30,removed,OKE,ONEOK INC,COR,CENCORA INC,
2001-08-30,removed,AGC1,AMERICAN GENERAL CORP,CIEN,CIENA CORP,
2001-08-07,removed,TKR,TIMKEN CO,ZBH,ZIMMER BIOMET HOLDINGS INC,
2001-08-06,removed,ETS,ENTERASYS NETWORKS INC,FDO,FAMILY DOLLAR STORES INC,
2001-08-02,removed,OAT,QUAKER OATS CO,PMCS,PMC SIERRA INC,
2001-07-06,removed,PCH,POTLATCHDELTIC CORP,AWE,ATT WIRELESS SERVICES INC,
2001-07-02,removed,LDG,LONGS DRUG STORES CORP,COL,ROCKWELL COLLINS INC,
2001-06-27,removed,H2,HARCOURT GENERAL INC,JHF,HANCOCK JOHN FINANCIAL SERVICES INC,
2001-06-22,removed,AZA.A,ALZA CORP,ZION,ZIONS BANCORPORATION NATIONAL ASSOCIATION,
2001-06-04,removed,CIT.A,CIT GROUP INC,MWW,MONSTER WORLDWIDE INC,
2001-05-14,removed,SXCL,STEEL EXCEL INC,PBG,PEPSI BOTTLING GROUP INC,
2001-05-01,removed,BGGSQ,BRIGGS & STRATTON CORP,GEN1,GENON ENERGY INC,
2001-04-02,removed,OK,OLD KENT FINANCIAL CORP,FI,FISERV INC,
2001-03-30,removed,CEN1,CERIDIAN CORP,CE1,CONCORD EFS INC,
2001-03-01,removed,SUB1,SUMMIT BANCORP,CTAS,CINTAS CORP,
2001-02-27,removed,USB1,US BANCORP,FTRCQ,FRONTIER COMMUNICATIONS CORP,
2001-02-07,removed,UK1,UNION CARBIDE CORP,UVN,UNIVISION COMMUNICATIONS INC,
2001-01-30,removed,CGP,COASTAL CORP,JBL,JABIL INC,
2001-01-12,removed,TWX1,TIME WARNER INC,NEBLQ,NOBLE CORP,
2000-12-29,removed,JPM1,MORGAN J P & CO INC,AMCC,APPLIED MICRO CIRCUITS CORP,
2000-12-21,removed,MEE,MASSEY ENERGY CO,FLR,FLUOR CORP,
2000-12-12,removed,RML,RUSSELL CORP,SYK,STRYKER CORP,
2000-12-12,removed,PRDCQ,POLAROID CORP,QLGC,QLOGIC CORP,
2000-12-11,removed,VO1,SEAGRAM CO LTD,MET,METLIFE INC,
2000-12-11,removed,SMI1,SPRINGS INDUSTRIES INC,VTSS,VITESSE SEMICONDUCTOR CORP,
2000-12-11,removed,NGH,NABISCO GROUP HOLDINGS CORP,KMI1,KINDER MORGAN INC,
2000-12-05,removed,OI,O-I GLASS INC,INTU,INTUIT INC,
2000-12-05,removed,GRA,W R GRACE & CO,SBL,SYMBOL TECHNOLOGIES INC,
2000-12-05,removed,CCK,CROWN HOLDINGS INC,ABKFQ,AMBAC FINANCIAL GROUP INC,
2000-12-05,removed,BHMSQ,BETHLEHEM STEEL CORP,AYE,ALLEGHENY ENERGY INC,
2000-12-05,removed,AFS.A,ASSOCIATES FIRST CAPITAL CORP,RHI,ROBERT HALF INC,
2000-11-30,removed,FPC,FLORIDA PROGRESS CORP,CPNLQ,CALPINE CORP,
2000-11-22,removed,SEG1,SEAGATE TECHNOLOGY INC,FRX1,FOREST LABORATORIES INC,
2000-11-22,removed,FJ,FORT JAMES CORP,CHIR1,CHIRON CORP,
2000-11-17,removed,ACKHQ,ARMSTRONG HOLDINGS INC,HOT,STARWOOD HOTEL & RESORTS WORLDWIDE INC,
2000-11-03,removed,PWJ1,PAINE WEBBER GROUP INC,BVSN,BROADVISION INC,
2000-11-02,removed,EFU1,EASTERN ENTERPRISES,EOG,EOG RESOURCES INC,
2000-11-02,removed,CG1,COLUMBIA ENERGY GROUP,NI,NISOURCE INC,
2000-10-20,removed,UCM,UNICOM CORP,PWER1,POWER ONE INC,
2000-10-18,removed,MKG,MALLINCKRODT INC,NBR,NABORS INDUSTRIES LTD,
2000-10-03,removed,YNR,YOUNG & RUBICAM INC,KG1,KING PHARMACEUTICALS INC,
2000-10-03,removed,DNB1,DUN & BRADSTREET CORP,MCO,MOODYS CORP,
2000-10-02,removed,OWENQ,OWENS CORNING,AV1,AVAYA INC,
2000-10-02,removed,BFO1,BESTFOODS,DYNIQ,DYNEGY INC,
2000-08-30,removed,GAPTQ,GREAT ATLANTIC & PACIFIC TEA CO INC,DVN,DEVON ENERGY CORP,
2000-08-18,removed,NCE,NEW CENTURY ENERGIES INC,KSE,KEYSPAN CORP,
2000-07-28,removed,COMS1,3COM CORP,PALM,PALM INC,
2000-07-27,removed,RADCQ,RITE AID CORP,VIAV,VIAVI SOLUTIONS INC,
2000-07-14,removed,UPR,UNION PACIFIC RESOURCES GROUP INC,CIT.A,CIT GROUP INC,
2000-07-13,removed,KSU,KANSAS CITY SOUTHERN,JNS,JANUS CAPITAL GROUP INC,
2000-06-29,removed,IKN,IKON OFFICE SOLUTIONS INC,VSTNQ,VISTEON CORP,
2000-06-28,removed,MZIAQ,MILACRON INC,MERQ,MERCURY INTERACTIVE CORP,
2000-06-21,removed,SGID,SILICON GRAPHICS INC,TIF,TIFFANY & CO,
2000-06-20,removed,WLA,WARNER LAMBERT CO,SANM,SANMINA CORP,
2000-06-20,removed,GTE1,GTE CORP,BRCM,BROADCOM CORP,
2000-06-19,removed,CHA1,CHAMPION INTERNATIONAL CORP,NVLS1,NOVELLUS SYSTEMS INC,
2000-06-15,removed,USW,U S WEST INC,CF1,CHARTER ONE FINANCIAL INC,
2000-06-15,removed,CSR1,CENTRAL & SOUTH WEST CORP,MEDI1,MEDIMMUNE INC,
2000-06-12,removed,TMC.A,TIMES MIRROR CO,CVG,CONVERGYS CORP,
2000-06-08,removed,SMS1,SHARED MEDICAL SYSTEMS CORP,SBUX,STARBUCKS CORP,
2000-06-05,removed,NC,NACCO INDUSTRIES INC,A,AGILENT TECHNOLOGIES INC,
2000-05-31,removed,MIR1,MIRAGE RESORTS INC,APCC,AMERICAN POWER CONVERSION CORP,
2000-05-09,removed,JOS,JOSTENS INC,MXIM,MAXIM INTEGRATED PRODUCTS INC,
2000-05-04,removed,RLM1,REYNOLDS METALS CO,SAPE,SAPIENT CORP,
2000-05-04,removed,CBS1,CBS CORP,SEBL,SIEBEL SYSTEMS INC,
2000-04-18,removed,ARC1,ATLANTIC RICHFIELD CO,ALTR1,ALTERA CORP,
2000-04-03,removed,PNU1,PHARMACIA & UPJOHN INC,LLTC,LINEAR TECHNOLOGY CORP,
2000-03-31,removed,PBY1,PEP BOYS MANNY MOE & JACK,VRTS1,VERITAS SOFTWARE CORP,
2000-03-15,removed,SCI,SERVICE CORP INTERNATIONAL,TSG1,SABRE HOLDINGS CORP,
2000-01-31,removed,FLTWQ,FLEETWOOD ENTERPRISES INC,HOG,HARLEY-DAVIDSON INC,
2000-01-28,removed,FWLT,FOSTER WHEELER AG,BGEN,BIOGEN INC,
2000-01-28,removed,CNG,CONSOLIDATED NATURAL GAS CO,CNXT1,CONEXANT SYSTEMS INC,
2000-01-05,removed,GIC1,GENERAL INSTRUMENT CORP,YNR,YOUNG & RUBICAM INC,
2000-01-04,removed,RNB,REPUBLIC NEW YORK CORP,VYX,NCR VOYIX CORP,
1999-12-30,removed,HP,HELMERICH & PAYNE INC,RIG,TRANSOCEAN LTD,
1999-12-08,removed,LDWIF,LAIDLAW INC,YHOO,YAHOO INC,
1999-12-01,removed,PPW,PACIFICORP,CTXS,CITRIX SYSTEMS INC,
1999-12-01,removed,MOB1,MOBIL CORP,MOLX,MOLEX INC,
1999-12-01,removed,HON1,HONEYWELL INC,OK,OLD KENT FINANCIAL CORP,
1999-11-16,removed,KWP,KING WORLD PRODUCTIONS INC,QTRN,QUINTILES TRANSNATIONAL CORP,
1999-11-15,removed,CSE1,CASE CORP,TER,TERADYNE INC,
1999-11-08,removed,LHX,L3HARRIS TECHNOLOGIES INC,XLNX,XILINX INC,
1999-11-05,removed,TEN1,TENNECO INC,PTV,PACTIV CORP,
1999-10-27,removed,AR1,ASARCO INC,CMVT,COMVERSE TECHNOLOGY INC,
1999-10-18,removed,CYM,CYPRUS AMAX MINERALS CO,LEG,LEGGETT & PLATT INC,
1999-10-13,removed,DGN,DATA GENERAL CORP,TROW,PRICE T ROWE GROUP INC,
1999-10-12,removed,AIT,APPLIED INDUSTRIAL TECHNOLOGIES INC,ADI,ANALOG DEVICES INC,
1999-10-01,removed,PHB1,PIONEER HI BRED INTERNATIONAL INC,PNW,PINNACLE WEST CAPITAL CORP,
1999-10-01,removed,BKB,BANKBOSTON CORP,BBBYQ,BED BATH & BEYOND INC,
1999-09-30,removed,FTL.A,FRUIT OF THE LOOM INC,SXCL,STEEL EXCEL INC,
1999-09-28,removed,FRO1,FRONTIER CORP,GX,GLOBAL CROSSING CAYMAN LTD,
1999-09-17,removed,MTL1,MERCANTILE BANCORPORATION INC,TOS,TOSCO CORP,
1999-08-13,removed,RYC,RAYCHEM CORP,LXK,LEXMARK INTERNATIONAL INC,
1999-08-06,removed,BMGCA,BATTLE MOUNTAIN GOLD CO,COC,CONOCOPHILLIPS HOLDING CO,
1999-08-02,removed,NLC1,NALCO CHEMICAL CO,AW,ALLIED WASTE INDUSTRIES INC,
1999-07-30,removed,BFI1,BROWNING FERRIS INDUSTRIES INC,ADCT1,ADC TELECOMMUNICATIONS INC,
1999-07-22,removed,TA2,TRANSAMERICA CORP,QCOM,QUALCOMM INC,
1999-06-30,removed,PVT1,PROVIDENT COMPANIES INC,VMC,VULCAN MATERIALS CO,
1999-06-29,removed,ATI1,AIRTOUCH COMMUNICATIONS INC,BBY,BEST BUY CO INC,
1999-06-25,removed,ASND1,ASCEND COMMUNICATIONS INC,NTAP,NETAPP INC,
1999-06-24,removed,ASC1,AMERICAN STORES CO,ODP,ODP CORP,
1999-06-21,removed,MII1,MORTON INTERNATIONAL INC,FPC,FLORIDA PROGRESS CORP,
1999-06-08,removed,HRZIQ,HARNISCHFEGER INDUSTRIES INC,WLP1,WELLPOINT HEALTH NETWORKS INC,
1999-06-03,removed,BT1,BANKERS TRUST CORP,PWJ1,PAINE WEBBER GROUP INC,
1999-05-28,removed,MWI,MOORE WALLACE INC,AFL,AFLAC INC,
1999-05-27,removed,FMY1,MEYER FRED STORES INC,DPHIQ,DELPHI CORP,
1999-05-03,removed,UCC1,UNION CAMP CORP,CMS,CMS ENERGY CORP,
1999-04-12,removed,ANV1,AEROQUIP-VICKERS INC,AGN,ALLERGAN PLC,
1999-04-01,removed,AMP1,AMP INC,KSU,KANSAS CITY SOUTHERN,
1999-03-25,removed,RBD,RUBBERMAID INC,LUMN,LUMEN TECHNOLOGIES INC,
1999-03-09,removed,TCOMA,TELE COMMUNICATIONS INC,ASO1,AMSOUTH BANCORPORATION,
1999-02-26,removed,ORX,ORYX ENERGY CO,SOTR,SOUTHTRUST CORP,
1999-01-13,removed,HBOC,HBO & CO,MCK,MCKESSON CORP,
1998-12-31,removed,SAI1,SUNAMERICA INC,CPWR,COMPUWARE CORP,
1998-12-31,removed,FL,FOOT LOCKER INC,TWX1,TIME WARNER INC,
1998-12-31,removed,AN1,AMOCO CORP,USB,US BANCORP,
1998-12-30,removed,PZE1,PENNZENERGY CO,SLR,SOLECTRON CORP,
1998-12-22,removed,GRN1,GENERAL RE CORP,CCL,CARNIVAL CORP,
1998-11-23,removed,AS1,ARMCO INC,PCS1,SPRINT CORP,
1998-11-18,removed,STO1,STONE CONTAINER CORP,DHR,DANAHER CORP,
1998-11-13,removed,C1,CHRYSLER CORP,SWY,SAFEWAY INC,
1998-11-03,removed,WFC1,WELLS FARGO & CO,NCE,NEW CENTURY ENERGIES INC,
1998-10-08,removed,CCI1,CITICORP,CCE1,COCA-COLA ENTERPRISES INC,
1998-10-07,removed,GSX1,GENERAL SIGNAL CORP,SPLS,STAPLES INC,
1998-10-02,removed,FCN1,FIRST CHICAGO NBD CORP,AES,AES CORP,
1998-10-01,removed,USS1,UNITED STATES SURGICAL CORP,PSFT,PEOPLESOFT INC,
1998-10-01,removed,DI1,DRESSER INDUSTRIES INC,PAYX,PAYCHEX INC,
1998-10-01,removed,AHM1,AHMANSON H F & CO,BMC,BMC SOFTWARE INC,
1998-09-30,removed,BAC1,BANKAMERICA CORP,UPC1,UNION PLANTERS CORP,
1998-09-25,removed,MNR1,MANOR CARE INC,HCR1,MANOR CARE INC,
1998-09-15,removed,MCIC,MCI COMMUNICATIONS CORP,NGH,NABISCO GROUP HOLDINGS CORP,
1998-08-28,removed,DIGI2,DSC COMMUNICATIONS CORP,RF,REGIONS FINANCIAL CORP,
1998-08-28,removed,BAY1,BAY NETWORKS INC,PVT1,PROVIDENT COMPANIES INC,
1998-08-14,removed,MST1,MERCANTILE STORES CO INC,KSS,KOHLS CORP,
1998-08-10,removed,WAI1,WESTERN ATLAS INC,EDS,ELECTRONIC DATA SYSTEMS CORP,
1998-07-15,removed,GFS.A,GIANT FOOD INC,DG1,DOLLAR GENERAL CORP,
1998-07-09,removed,ECH1,ECHLIN INC,FMY1,MEYER FRED STORES INC,
1998-07-01,removed,RYI1,RYERSON INC,COF,CAPITAL ONE FINANCIAL CORP,
1998-07-01,removed,DNB2,DUN & BRADSTREET CORP,DNB1,DUN & BRADSTREET CORP,
1998-07-01,removed,BNL1,BENEFICIAL CORP,SLM,SLM CORP,
1998-06-30,removed,PET1,PACIFIC ENTERPRISES INC,SRE,SEMPRA,
1998-06-30,removed,GNT1,GREEN TREE FINANCIAL CORP,BSC1,BEAR STEARNS COMPANIES INC,
1998-06-11,removed,DEC1,DIGITAL EQUIPMENT CORP,ASND1,ASCEND COMMUNICATIONS INC,
1998-04-29,removed,CFL1,CORESTATES FINANCIAL CORP,BEN,FRANKLIN RESOURCES INC,
1998-04-27,removed,FG1,USF&G CORP,GTW,GATEWAY INC,
1998-04-07,removed,CHRS1,CHARMING SHOPPES INC,AFS.A,ASSOCIATES FIRST CAPITAL CORP,
1998-04-01,removed,SK1,SAFETY KLEEN SYSTEMS INC,SEE,SEALED AIR CORP,
1998-04-01,removed,JH,HARLAND JOHN H CO,NXTL,NEXTEL COMMUNICATIONS INC,
1998-02-20,removed,ITT1,SHERATON HOLDING CORP,MTL1,MERCANTILE BANCORPORATION INC,
1998-01-30,removed,PAS,PEPSIAMERICAS INC,NTRS,NORTHERN TRUST CORP,
1998-01-27,removed,CBB1,CALIBER SYSTEM INC,SUB1,SUMMIT BANCORP,
1998-01-20,removed,ECO1,ECHO BAY MINES LTD,BIGGQ,BIG LOTS INC,
1998-01-09,removed,BBI1,BARNETT BANKS INC,LEHMQ,LEHMAN BROTHERS HOLDINGS INC,
